{
    "xthick":13.88248,
    "zden":26,
    "aden":56,
    "emi":100,
    "ee0":[500,
        1000,
        1500,
        2000,
        2500,
        3000,
        3500,
        4000,
        4500,
        5000,
        5500,
        6000,
        6500,
        7000,
        7500,
        8000,
        8500,
        9000,
        9500,
        10000],
    "tni":[2.96E-02,
        5.25E-02,
        6.86E-02,
        8.10E-02,
        9.13E-02,
        0.1001078,
        0.107805,
        0.1146679,
        0.1208706,
        0.1265365,
        0.1317572,
        0.1366016,
        0.141124,
        0.1453671,
        0.1493656,
        0.153148,
        0.156738,
        0.1601553,
        0.1634169,
        0.1665374
    ],
    "e01":[400,
        630,
        1000,
        1600,
        2500,
        4000,
        6300
    ],
    "d":[1.32E-14,
        1.37E-14,
        1.41E-14,
        1.44E-14,
        1.45E-14,
        1.46E-14,
        1.46E-14
    ],
    "e02":[400,
        1000,
        3000,
        5000,
        6000
    ],
    "lam":[492,
        570,
        641,
        656,
        656
    ]

}